id,name,intelligence,strength,speed,durability,power,combat,full-name,alter-egos,aliases,place-of-birth,first-appearance,publisher,alignment,gender,race,height,weight,eye-color,hair-color,occupation,base,group-affiliation,relatives,url,first_appearance_year,popularity_score,interesting_facts
613,Spectre,88,100,100,100,100,70,Aztar,Aztar,"['Spirit of Vengeance', 'Wrath of God', 'Spirit of Redemption', 'Raguel', 'James Corrigan', 'Hal Jordan', 'Cripus Allen']",UnKnown,"More Fun Comics #52 (February, 1940)",Aztar,good,Male,God / Eternal,"[""5'9"", '175 cm']","['161.17 lb', '161 kg']",White,No Hair,UnKnown,UnKnown,None,None,https://www.superherodb.com/pictures2/portraits/10/100/784.jpg,1940,288,"Spectre is one of the most powerful supernatural beings in the DC Universe, embodying the spirit of vengeance.. He serves as an agent of divine retribution, punishing wrongdoers with his vast powers.. Spectre's origins trace back to Jim Corrigan, a murdered police detective resurrected by a higher power.. His powers make him nearly omnipotent, though he requires a mortal host to contain his full potential."
720,Wonder Woman,88,100,79,100,100,100,Diana Prince,No alter egos found.,"['Princess Diana', 'Princess of the Amazons', 'Goddess of Truth', ' Wondy', 'Wonder Girl', 'The Amazon Princess']",Themyscira,"All-Star Comics #8 (December, 1941)",DC Comics,good,Female,Amazon,"[""6'0"", '183 cm']","['165 lb', '74 kg']",Blue,Black,"Adventurer, Emissary to the world of Man, Protector of Paradise Island; former Goddess of Truth",UnKnown,"Justice League of America, Justice Society of America (pre-Crisis Earth-2 version); All-Star Squadron (pre-Crisis Earth-2 version)","Queen Hippolyta (mother, deceased), Donna Troy (Troia) (magically-created duplicate)",https://www.superherodb.com/pictures2/portraits/10/100/807.jpg,1941,288,"Wonder Woman was created by the Amazons and gifted with powers by the Greek gods to protect humanity.. She wields the Lasso of Truth, which forces anyone ensnared to tell the truth.. Her iconic bracelets can deflect bullets, and she is a founding member of the Justice League.. Wonder Woman's real name is Princess Diana of Themyscira, an ambassador for peace."
284,Giganta,81,89,23,85,32,42,Doris Zuel,No alter egos found.,No Aliases,UnKnown,Wonder Woman (Volume 1) #9 (1944),DC Comics,bad,Female,UnKnown,"['205', '62.5 meters']","['1400 lb', '630 kg']",Green,Red,"Criminal, former Scientist, Professor at Ivy University",Ivy Town,"The Injustice League, formerly The Society, Villainy, Inc., The Legion of Doom",None,https://www.superherodb.com/pictures2/portraits/10/100/1376.jpg,1944,255,"Giganta was originally a scientist named Doris Zuel who gained the ability to transform into a giantess.. She frequently battles Wonder Woman as part of the villainous Injustice League.. Giganta's transformation came after a risky experiment to save her life, which led to her monstrous abilities.. In addition to her size, Giganta has superhuman strength and durability."
95,Black Adam,88,100,92,100,100,56,Teth-Adam,No alter egos found.,"['Hassan Bari', 'Theo Adam', 'Mighty Adam', 'Khem-Adam']","Kahndaq, Egypt","Marvel Family #1 (December, 1945)",DC Comics,bad,Male,UnKnown,"[""6'3"", '191 cm']","['250 lb', '113 kg']",Brown,Black,UnKnown,Mobile; Formerly Kahndaq; Fawcett City; New York City,"None; Formerly the Black Marvel Family, Society of Villains, Injustice Society, Justice Society of America","Shiruta (wife, deceased), Gon and Hurut (sons, deceased) Theo Adam (descendant, currently in control of his body), Sarah Primm (descendant, Theo's sister), Adrianna Tomaz (wife. deceased), Amon Tomaz (brother-in-law, deceased)",https://www.superherodb.com/pictures2/portraits/10/100/643.jpg,1945,288,"Black Adam was granted powers by the wizard Shazam but later became a formidable anti-hero.. He hails from Kahndaq, an ancient Egyptian-inspired nation, where he is both feared and revered.. Black Adam's strength and speed rival that of Superman, making him a formidable opponent.. Though often portrayed as a villain, he fights to protect Kahndaq and its people by any means."
432,Martian Manhunter,100,95,92,100,100,85,J'onn J'onzz,No alter egos found.,"[""ohn Jones; J'Onn J'Onzz (alternate spelling); Big Green Buddy; J.J.; Jolly Green Giant; Light to the Light; Manhunter; Manhunter from Mars; Son of Mars; Bronze Wraith"", 'Bloodwynd', 'many others']",UnKnown,Detective Comics #225 (1955),DC Comics,good,Male,Martian,"[""6'7"", '201 cm']","['300 lb', '135 kg']",Red,No Hair,UnKnown,UnKnown,"Darkstars, Justice League of Aliens, Justice League Of America, Justice League Task Force, Justice League Unlimited, Martians, Outsiders","M'yrnn J'onzz (father, deceased); Sha'sheen J'onzz (mother, deceased); M'yri'ah (wife, deceased); K'hym (daughter, deceased); Ma'alefa'ak (twin brother); D'all (father-in-law, deceased); J'ahrl J'onzz (ancestor, deceased)",https://www.superherodb.com/pictures2/portraits/10/100/733.jpg,1955,295,"Martian Manhunter is the last survivor of Mars, known for his telepathic and shapeshifting abilities.. He is a founding member of the Justice League and often serves as the team's moral compass.. Martian Manhunter's real name is J'onn J'onzz, and he adopts human forms to blend in on Earth.. His main weakness is fire, which can severely harm or even kill him."
136,Brainiac,100,95,63,90,60,75,Vril Dox,No alter egos found.,['Milton Fine'],UnKnown,Action Comics #242 (July 1958),DC Comics,bad,Male,Android,"[""6'6"", '198 cm']","['300 lb', '135 kg']",Green,No Hair,UnKnown,UnKnown,Lex Luthor,"Vril Dox II (son), Brainiac 5 (descendant)",https://www.superherodb.com/pictures2/portraits/10/100/648.jpg,1958,285,"Brainiac is one of Superman's most intelligent adversaries, known for his vast knowledge and intellect.. He often shrinks cities and adds them to his collection in an attempt to preserve civilizations.. Brainiac has clashed with Superman numerous times, aiming to conquer Earth or study it.. His robotic and alien nature make him difficult to defeat permanently."
20,Amazo,63,100,83,100,100,100,Amazo,No alter egos found.,"['Professor Ivos Amazing Android', 'Timazo', 'Humazo', 'Hourmazo']",UnKnown,"Brave and the Bold #30 (July, 1960)",DC Comics,bad,Male,Android,"[""8'5"", '257 cm']","['385 lb', '173 kg']",Red,No Hair,UnKnown,UnKnown,Formerly the Secret Society of Super Villains,"Professor Ivo (creator), Kid Amazo (cyborg offspring)",https://www.superherodb.com/pictures2/portraits/10/100/1390.jpg,1960,263,"Amazo is a powerful android capable of mimicking the abilities of any superhero he encounters.. He was created by Professor Ivo as part of a twisted experiment to defeat the Justice League.. Amazo has the powers of Superman, Wonder Woman, Flash, and others combined.. His adaptability makes him one of the Justice League’s most challenging foes."
658,Thing,75,84,21,100,38,80,Ben Grimm,No alter egos found.,"['Blackbeard the Pirate', 'Grim Ben', 'Dr. Josiah Verpoorteen']","New York City, New York","Fantastic Four #1 (November, 1961)",Marvel Comics,good,Male,Human / Radiation,"[""6'0"", '183 cm']","['500 lb', '225 kg']",Blue,No Hair,"Adventurer, former Air Force test pilot","Baxter Building, New York City, New York (formerly) Four Freedoms Plaza, Pier Four;","Fantastic Four formerly Avengers West Coast, Unlimited Class Wrestling Federation, Thunderiders","Daniel (father, deceased), Elsie (mother, deceased), Daniel Jr. (brother, deceased), Jacob ('Jake,' uncle), Alyce (aunt, deceased), Pentunia ('Penny,' aunt, Jacob's second wife)",https://www.superherodb.com/pictures2/portraits/10/100/139.jpg,1961,259,"Thing, also known as Ben Grimm, is a founding member of the Fantastic Four.. He has rock-like skin and superhuman strength, making him nearly indestructible.. Thing's iconic catchphrase is 'It's clobberin' time!' which he says before battles.. Despite his rough exterior, he is known for his loyal and caring nature."
332,Hulk,88,100,63,100,98,85,Bruce Banner,No alter egos found.,"['Annihilator', 'Captain Universe', 'Joe Fixit', 'Mr. Fixit', 'Mechano', 'Professor', 'Jade Jaws', 'Golly Green Giant']","Dayton, Ohio","Incredible Hulk #1 (May, 1962)",Marvel Comics,good,Male,Human / Radiation,"[""8'0"", '244 cm']","['1400 lb', '630 kg']",Green,Green,"Nuclear physicist, Agent of S.H.I.E.L.D.","(Banner) Hulkbuster Base, New Mexico, (Hulk) mobile, but prefers New Mexico","Defenders, former leader of the new Hulkbusters, member of the Avengers, Pantheon, Titans Three, the Order, Hulkbusters of Counter-Earth-Franklin, alternate Fantastic Four","Betty Ross Talbot Banner (wife), Brian Banner (father, apparently deceased), Rebecca Banner (mother, deceased), Morris Walters (uncle), Elaine Banner Walters (aunt, deceased), Jennifer Walters (She-Hulk, cousin), Thaddeus E. 'Thunderbolt' Ross (father",https://www.superherodb.com/pictures2/portraits/10/100/83.jpg,1962,288,"Hulk, also known as Bruce Banner, transforms into a powerful green giant when angered.. His strength increases proportionally to his level of rage, making him almost unstoppable.. Hulk has multiple personas, including Savage Hulk, Grey Hulk, and World Breaker Hulk.. Bruce Banner constantly struggles to control the Hulk within him."
517,Phoenix,100,100,83,100,100,80,Jean Grey,"Jean Grey, White Phoenix of The Crown","['Redd Dayspring', 'Marvel Girl']",UnKnown,"X-Men #1 (September, 1963)",Jean Grey,good,Female,Mutant,"[""5'6"", '168 cm']","['115 lb', '52 kg']",Green,Red,Adventurer,"Xavier Institute of Higher Learning, Westchester County, New York","Formerly X-Men (founding member); Clan Rebellion, Muir Island X-Men; X-Factor/X-Terminators (founding member); Brides of Set","Rachel Summers (daughter from an alternate universe), X-Man (son from an alternate universe), Cyclops (ex-husband), Havok (former brother-in-law), Corsair (former father-in-law), Madelyne Pryor (clone), Cable (adoptive/biological son), Stryfe (cloned biological son), Genesis (grandson)",https://www.superherodb.com/pictures2/portraits/10/100/828.jpg,1963,300,"Phoenix, or Jean Grey, is one of the most powerful mutants with telepathic and telekinetic abilities.. She becomes the Phoenix, a cosmic entity that amplifies her powers to unimaginable levels.. Phoenix's powers are so great that she has the potential to destroy entire galaxies.. Jean Grey's struggle with the Phoenix Force is one of Marvel's most tragic storylines."
709,Watcher,100,80,67,89,100,56,Uatu,No alter egos found.,No Aliases,UnKnown,"Fantastic Four #13 (April, 1963)",Marvel Comics,good,Male,UnKnown,"[""5'9"", '175 cm']","['161.17 lb', '161 kg']",Blue,No Hair,UnKnown,UnKnown,"The Watchers, Friend and Ally of the Fantastic Four, among other Earth heroes","Ikor (father); Aron (nephew); Qyre, Zoma (cousins)",https://www.superherodb.com/pictures2/portraits/10/100/516.jpg,1963,269,Watcher has cosmic awareness and observes events across the multiverse. Originates from an ancient race of cosmic beings.
232,Dormammu,88,95,83,100,100,80,Dormammu,No alter egos found.,"['The Dread One', 'Eater of Souls', 'Lord of Chaos', 'Lord of Darkness', 'the Great Enigma', 'Flyx']",Faltine Dimension,Strange Tales #126 (1964),Marvel Comics,bad,Male,UnKnown,"[""6'1"", '185 cm']","['161.17 lb', '161 kg']",Yellow,No Hair,"Despot, conqueror",UnKnown,"Lords of the Splinter Realms, Lords of the Netherworlds; allied with Umar, Loki, Doctor Doom, Underchild, others","Sinifer (parent/genitor), Umar (sister), Clea (niece), Doctor Strange (nephew-in-law), Satannish (alleged offspring)",https://www.superherodb.com/pictures2/portraits/10/100/1359.jpg,1964,283,Dormammu is a powerful sorcerer and ruler of the Dark Dimension. Originates from an alternate dimension with mastery over dark magic.
273,Galactus,100,100,83,100,100,50,Galan,No alter egos found.,"['Maker', 'Devourer of Worlds', 'Eater-of-Worlds', 'Ravager of Worlds']",(Galan) Taa; (Galactus) the Cosmic Egg,Fantastic Four #48 (March 1966),Marvel Comics,neutral,Male,Cosmic Entity,"[""28'9"", '876 cm']","['36400 lb', '16 tons']",Black,Black,"Planet Devourer, Third Force of the Universe - balance between Eternity and Death, Nullifying Abraxas' Influence on the Multiverse, Third Face of the Living Tribunal - representing Equity",Worldship (aka Taa II); though he is generally mobile throughout the universe via his spherical starship in search of suitable planets to consume.,Heralds of Galactus; formerly God Squad,"Galan (""father""), Galacta (daughter)",https://www.superherodb.com/pictures2/portraits/10/100/862.jpg,1966,300,Galactus has the ability to consume planets for energy. He was a mortal transformed into a cosmic entity by the Big Bang.
680,Ultron,88,83,42,100,100,64,Ultron,No alter egos found.,"['Crimson Cowl', 'Great Devil', 'Great Ultron', 'Iron Man', 'Mark', 'Omega', 'Ultimate Ultron', 'Ultron-5 (and hundreds of other sequential numerical designations)', 'Ultron Mark Twelve', 'Ho Yinsen']","Created in Cresskill, New Jersey","Avengers #54 (July, 1968)",Marvel Comics,bad,Male,Android,"[""6'9"", '206 cm']","['735 lb', '331 kg']",Red,No Hair,"Mass murderer, scientist, would-be world conqueror, ruler of Phalanx",UnKnown,"Phalanx; formerly Sons of Yinsen, Lethal Legion, Masters of Evil","Hank Pym (Yellowjacket, creator, ""father""), Janet Van Dyne (Wasp, regarded by Ultron as ""mother"" due to marriage to Pym), Jocasta (creation, former mate), Alkhema (creation, former mate, deactivated), Vision (creation, ""son""), Victor Mancha (creation, son), Rex (creation, pet, deactivated), Robos & Bio-Synthezoids (creations of Alkhema, ""grandchildren"";, destroyed); Simon Williams (Wonder Man), Eric Williams (Grim Reaper) & Wanda Maximoff (Scarlet Witch), all regarded by Ultron as part of his ""extended family"" due to their familial connections with the Vision",https://www.superherodb.com/pictures2/portraits/10/100/1339.jpg,1968,271,"Ultron possesses advanced AI and superhuman strength. Created by Hank Pym as an AI, later becoming self-aware and hostile."
204,Darkseid,88,100,83,100,100,95,Uxas,No alter egos found.,['Dark God'],UnKnown,Superman's Pal Jimmy Olsen #134 (November 1970),DC Comics,bad,Male,New God,"[""8'9"", '267 cm']","['1815 lb', '817 kg']",Red,Blond,Dictator of Apokolips,UnKnown,"New Gods of Apokolips(ruler), Secret Society of Supervillains","Zonuz (father), Izaya (brother), Avia (sister, deceased), Grail (daughter), Kalibak (son), Orion (son), Deathspawn (son), Scot (nephew/adopted son)",https://www.superherodb.com/pictures2/portraits/10/100/668.jpg,1970,288,"Darkseid wields the Omega Effect, giving him immense power. Originates from Apokolips, a dystopian world he rules as a tyrant."
645,Swamp Thing,88,95,25,100,100,55,Alec Holland,No alter egos found.,"['Green Man', 'Swampy', 'the Weed', 'Le Bon Gumbo', 'Smalsh-Yegger (on Rann)']",UnKnown,"Swamp Thing #1 (November, 1972)",DC Comics,bad,Male,God / Eternal,"[""5'9"", '175 cm']","['161.17 lb', '161 kg']",Red,No Hair,"Planet Elemental, former Biochemist",UnKnown,"formerly (Parliament of Trees; Parliament of Stones, Parliament of Flames, Parliament of Waves, and Parliament of Vapors), The Parliament of Worlds","Larry Holland (father, deceased); Alice Holland (mother, deceased); Edward Holland (brother); Linda Holland (first wife, deceased); Abigail Holland (second wife); Tef� Holland (daughter); Gregori Arcane (father-in-law, deceased)",https://www.superherodb.com/pictures2/portraits/10/100/792.jpg,1972,283,Swamp Thing has control over plant life and regenerative powers. Transformed by chemicals in a swamp after an accident.
524,Power Girl,94,100,100,100,100,75,Kara Zor-L,No alter egos found.,"['Karen Starr', 'Nightwing']",UnKnown,All-Star Comics #58 (January/February 1976),DC Comics,good,Female,Kryptonian,"[""5'11"", '180 cm']","['180 lb', '81 kg']",blue,blond,UnKnown,UnKnown,"Justice Society of America, Justice League Europe, Infinity, Inc., Sovereign Seven","Zor-L (father, deceased), Allura (mother, deceased), Jor-L (uncle, deceased), Lora (aunt, deceased), Kal-L (Earth-Two Superman, cousin and adopted father, deceased), Earth-Two Lois Lane (adopted mother, deceased), Equinox (son, deceased), Kara Zor-El (alternate universe version)",https://www.superherodb.com/pictures2/portraits/10/100/758.jpg,1976,294,"Power Girl has super strength, flight, and heat vision. She is from an alternate Earth, sharing powers similar to Superman."
253,Faora,88,95,75,100,98,90,Faora Hu-Ul,No alter egos found.,['Katie'],UnKnown,"Action Comics #471 (May, 1977)",DC Comics,bad,Female,Kryptonian,"[""5'8"", '175 cm']","['161.17 lb', '161 kg']",Black,Blond,Serial killer,Phantom Zone; formerly Krypton,Phantom Zone Criminals,"Hu-Ul (father, presumably deceased)",https://www.superherodb.com/pictures2/portraits/10/100/1502.jpg,1977,283,"Faora is a Kryptonian with super strength and speed. Originates from Krypton, serving as a soldier with extreme loyalty."
425,Magus,88,100,70,99,100,74,Magus,No alter egos found.,"[""Warlock's Father""]",Kvch (Technarchy�s home planet),New Mutants #18 (1984),Marvel Comics,bad,Male,UnKnown,"[""6'0"", '183 cm']","['161.17 lb', '161 kg']",Black,White,Ruler of the Technarchy,UnKnown,None,"Warlock (son, deceased)",https://www.superherodb.com/pictures2/portraits/10/100/1297.jpg,1984,287,"Magus has reality manipulation powers and superhuman strength. Originates from an alternate future, becoming a cosmic villain."
642,Superboy-Prime,94,100,100,100,100,85,Kal-El,No alter egos found.,['Superman-Prime; Prime; Superboy; Clark Kent; Clarkie; Time Trapper'],Krypton (Earth-Prime),"DC Comics Presents #87 (November, 1985)",DC Comics,bad,Male,Kryptonian,"[""5'11"", '180 cm']","['170 lb', '77 kg']",Blue,Black / Blue,UnKnown,"currently a recreation of Earth-Prime, formerly Qward, Anti-Matter Universe.","Formerly Black Lantern Corps, Legion of Super-Villains, Sinestro Corps","Jor-El (father; deceased); Lara (mother, deceased); Jerry Kent (adoptive father); Naomi Kent (adoptive mother)",https://www.superherodb.com/pictures2/portraits/10/100/1535.jpg,1985,294,Superboy-Prime has Superman-like powers with no kryptonite weakness. He originates from an alternate Earth where he is a hero turned rogue.
35,Apocalypse,100,100,33,100,100,60,En Sabah Nur,No alter egos found.,"['The Eternal One', 'the High Lord', 'Set', 'Huitxilopochti', 'Sauru', 'Kali-Ma']","Akkaba, Egypt","X-Factor #5 (June, 1986)",Marvel Comics,bad,Male,Mutant,"[""7'0"", '213 cm']","['300 lb', '135 kg']",Red,Black,Student; formerly Conqueror; Scientist,"Celestial Ship, mobile","Clan Akkaba, employer of Apocalypse's Horsemen, Dark Riders, former employer of the Alliance of Evil, 198","Baal of the Crimson Sands (adopted father, deceased)",https://www.superherodb.com/pictures2/portraits/10/100/852.jpg,1986,300,"Apocalypse possesses immortality and shapeshifting abilities. Originates from ancient Egypt, considered the first mutant."
233,Dr Manhattan,88,100,42,100,100,42,Jonathan Osterman,No alter egos found.,"['Jon Osterman', 'Doctor Manhattan']",UnKnown,"Watchmen #1 (September, 1986)",DC Comics,good,Male,Human / Cosmic,"[""6'9"", '175 cm']","['161.17 lb', '161 kg']",White,No Hair,Scientist,New York City; formerly Mars,"Watchmen, Crimebusters",None,https://www.superherodb.com/pictures2/portraits/10/100/884.jpg,1986,288,"Dr Manhattan has control over matter and energy, existing outside time. Originates from a scientific accident in a nuclear facility."
174,Cheetah III,88,100,88,80,78,95,Barbara Minerva,No alter egos found.,"['Barbara Minerva', 'Bride of Urzkartaga', 'Priscilla Rich', 'Deborah Domaine', 'Sabrina Ballesteros']",UnKnown,Wonder Woman Vol2 #7 (Sept 1987),DC Comics,bad,Female,Human,"[""5'9"", '175 cm']","['120 lb', '54 kg']",Brown,Brown,"Archaeologist, Anthropologist","Nottingham, England","The Society, Injustice League",None,https://www.superherodb.com/pictures2/portraits/10/100/926.jpg,1987,268,"Cheetah III has superhuman agility and strength, resembling a cheetah. Originates from a cursed transformation in her pursuit of power."
230,Doomsday,75,100,67,100,100,90,Doomsday,No alter egos found.,['The Ultimate Lifeform'],Krypton,Superman: The Man of Steel #17 (Nov 1992),DC Comics,bad,Male,Alien,"[""8'0"", '244 cm']","['915 lb', '412 kg']",Red,White,Destroyer,UnKnown,"Secret Society of Super Villains, Suicide Squad, Apokolips",None,https://www.superherodb.com/pictures2/portraits/10/100/679.jpg,1992,275,Doomsday has super strength and the ability to regenerate. Originates as a weapon created on Krypton to be an indestructible force.
641,Superboy,75,95,83,90,95,60,Kon-El / Conner Kent,No alter egos found.,"['Experiment 13; Superman; Project: Superman; Carl Krummett; Project: Lionel Luthor; The Metropolis Kid', 'Superman']",Project Cadmus cloning facility,"Adventures of Superman #500 (June, 1993)",DC Comics,good,Male,UnKnown,"[""5'7"", '170 cm']","['150 lb', '68 kg']",Blue,Black,UnKnown,San Francisco; Smallville; Formerly Metropolis; Formerly Honolulu,"Teen Titans, Legion of Super-Heroes, Team Superman; Formerly Young Justice, Project Cadmus, Ravers","Superman (Kryptonian genetic template), Lex Luthor (Human genetic template), Match (clone)",https://www.superherodb.com/pictures2/portraits/10/100/789.jpg,1993,260,"Superboy has strength and speed, sharing powers with Superman. He was cloned from Superman and Lex Luthor’s DNA."
635,Steel,81,82,53,90,64,64,John Henry Irons,No alter egos found.,"['Man of Steel', 'Henry Johnson']","Washington, D.C.",Adventures of Superman #500 (1993),DC Comics,good,Male,UnKnown,"[""6'7"", '201 cm']","['290 lb', '131 kg']",Brown,No Hair,"Weapons designer, former steelworker","Steelworks, Metropolis; formerly Jersey City and Washington D.C.",Reserve member of the Justice League of America,"Mrs. Irons (mother, deceased), Mr. Irons (father, deceased), Maternal Grandmother (deceased), maternal grandfather (deceased), Butter (grandfather), Bess (grandmother, deceased), Clay Irons (brother), Jemahl Irons (nephew), Blondell Irons (sister-in-law), Natasha Irons (Starlight, niece), Paco (nephew), Tyke (former foster nephew)",https://www.superherodb.com/pictures2/portraits/10/100/1383.jpg,1993,253,"Steel wields a power suit with enhanced strength and weapons. Inspired by Superman, he crafted his suit to fight for justice."
504,Onslaught,88,100,33,100,100,55,Onslaught,No alter egos found.,"['Charlie Silus', 'Sir David The Great', 'Charles Xavier', 'Magneto', 'That Which Shall Survive', 'the Entity', 'Dark Xavier']",UnKnown,"X-Man Vol 1 #15 (May, 1996)",Marvel Comics,bad,Male,Mutant,"[""10'0"", '305 cm']","['900 lb', '405 kg']",Red,No Hair,Would-be destroyer,"Central Park Citadel, Astral Fortress",None,"Professor Charles Xavier (fusee, deceased); Magneto (fusee)",https://www.superherodb.com/pictures2/portraits/10/100/13.jpg,1996,288,Onslaught has telepathy and telekinesis with unmatched power. Originates as a being formed from Professor X and Magneto’s consciousness.
436,Match,75,95,83,85,100,70,Kent Connor,No alter egos found.,"['Superboy', 'Superman']",UnKnown,"Superboy Vol 4 #35 (January, 1997)",DC Comics,bad,Male,UnKnown,"[""7'10"", '213 cm']","['161.17 lb', '161 kg']",Black,Black,UnKnown,UnKnown,"Titans East, the Agenda, Project Cadmus","Superman (genetic template via Superboy), Lex Luthor (genetic Template via Superboy), Superboy (genetic template)",https://www.superherodb.com/pictures2/portraits/10/100/1459.jpg,1997,255,Match is a clone of Superboy with similar powers but instability. Created in a lab to replicate Superman's powers in a controllable form.
583,Sentry,75,100,100,84,100,40,Robert Reynolds,No alter egos found.,"['Void', 'Bob', 'Golden Guardian of Good', 'John Victor Williams', 'Scout']",UnKnown,"Sentry #1 (September, 2000)",Marvel Comics,neutral,Male,Mutant,"[""6'2"", '188 cm']","['194 lb', '87 kg']",Blue,Blond,UnKnown,"The Watchtower (on top of Stark Tower, where it was formerly located before all memory of him disappeared)","Formerly Horsemen of Death, Osborn's Avengers, Mighty Avengers, New Avengers, partner of Scout","Lindy Reynolds (wife, deceased), Mrs. Reynolds (mother)",https://www.superherodb.com/pictures2/portraits/10/100/447.jpg,2000,259,"Sentry possesses super strength, flight, and energy manipulation. Originates as a superhero with power comparable to a million suns."
643,Supergirl,94,100,100,100,100,75,Kara Zor-El,No alter egos found.,"['Linda Lang', 'Kara-El', 'Kara Kent', 'Flamebird', 'Trinity Child', 'Teen of Tomorrow', 'The Girl of Steel', 'The Maid of Might', 'The Princess of Power', 'Mighty Maid', 'Claire Connors', 'Bluebird']","Argo City, Krypton","Superman/Batman #8 (May, 2004)",DC Comics,good,Female,Kryptonian,"[""5'5"", '165 cm']","['120 lb', '54 kg']",Blue,Blond,"Intern, Adventurer, Student, Crime-Fighter",Metropolis,"Formerly Justice League of America, Supermen of America, Justice League of Amazons, Kent Family, Superman Family, Kryptonian Science Guild, Teen Titans, Legion of Super-Heroes, Outsiders","Zor-El (father), Allura In-Ze (mother), Jor-El II (uncle, deceased), Lara Lor-Van (aunt, deceased), Kal-El (Superman,Clark Kent, cousin), Lois Lane (cousin-in-law), Jonathan Kent (adopted uncle), Martha Kent (adopted aunt), Kon-El (Superboy, Conner Kent, clone cousin, deceased), Nim-El (uncle), Dondra Klu-Ta (aunt), Don-El (cousin), Jor-El I (praternal grandfather, deceased), Nimda An-Dor (paternal grandmother, deceased), Lar-Van (maternal grandfather, deceased), Lara Rok-Var (maternal grandmother, deceased), Val-El, Sul-El, Tala-El, Hatu-El, Gam-El (ancestors, deceased)",https://www.superherodb.com/pictures2/portraits/10/100/790.jpg,2004,294,"Supergirl has superhuman abilities similar to Superman. Originates from Krypton and is Superman's cousin, sent to Earth for protection."
